<?xml version="1.0" encoding="UTF-8"?>

<!-- Copyright 1998, 2005 The Apache Software Foundation or its licensors, as applicable
     
     Licensed under the Apache License, Version 2.0 (the "License");
     you may not use this file except in compliance with the License.
     You may obtain a copy of the License at
     
         http://www.apache.org/licenses/LICENSE-2.0
     
     Unless required by applicable law or agreed to in writing, software
     distributed under the License is distributed on an "AS IS" BASIS,
     WITHOUT WARRANTIES OR CONDITIONS OF ANY KIND, either express or implied.
     See the License for the specific language governing permissions and
     limitations under the License. -->

<!-- ====================================================================== 
     build-java-source    
     Compile the Java source and package in component archives.
     ====================================================================== -->
<project name="build-java-source" default="default" basedir="../modules">
    <description>
		Compile the Java source and package in component archives.
    </description>

    <!-- Users need to set this property to use a different compiler -->
    <!-- To use the eclipse compiler set the value of the below      -->
    <!-- property to be "org.eclipse.jdt.core.JDTCompilerAdapter"    -->
    <!-- This requires that the CLASSPATH of the environment where   -->
    <!-- this Ant is running includes the Eclipse archives           -->
    <!-- jdtCompilerAdapter.jar and org.eclipse.jdt.core_3.1.0.jar   -->
    <property name="build.compiler" value="modern" />

    <property name="build.output" location="../bin" />
    <property name="depends.jars" location="../depends/jars" />
    <property name="depends.files" location="../depends/files" />
    <property name="components.patternsets" location="../depends/patternsets" />
    <property name="components.output" location="../components" />
    <property name="target.output" location="../deploy" />
	
	<property name="tests.build.output" location="../bin-tests" />
	<property name="harmony.tests.dir" location="../Harmony_Tests"/>
	<property name="tests.depends.jars" location="../deploy/jre/lib/boot" />
	<property name="junit.jar" location="${harmony.tests.dir}/src/test/resources/libs/junit_3.8.1/junit.jar" />
	<property name="xalan.jar" location="${harmony.tests.dir}/src/test/resources/libs/xalan-j_2.6.0/xalan.jar" />
	<property name="xerces.resolver.jar" location="${harmony.tests.dir}/src/test/resources/libs/xerces_2.6.2/resolver.jar" />
    <property name="xerces.impl.jar" location="${harmony.tests.dir}/src/test/resources/libs/xerces_2.6.2/xercesImpl.jar" />
    <property name="xml.apis.jar" location="${harmony.tests.dir}/src/test/resources/libs/xerces_2.6.2/xml-apis.jar" />
    <path id="xerces.id">
        <fileset dir="${harmony.tests.dir}/src/test/resources/libs/xerces_2.6.2">
            <include name="*.jar" />
        </fileset>
    </path>
    <path id="xalan.id">
        <fileset dir="${harmony.tests.dir}/src/test/resources/libs/xalan-j_2.6.0">
            <include name="*.jar" />
        </fileset>
    </path>

    <!-- ================================= 
          target: default              
         ================================= -->
    <target name="default" 
        description="Compile the Java source and package in component archives." 
        depends="clean, compile, package, layout" />


    <!-- ================================= 
          target: clean            
         ================================= -->
    <target name="clean" depends="clean-bin, clean-layout, clean-package" />


    <!-- ================================= 
          target: clean-bin              
         ================================= -->
    <target name="clean-bin" description="Delete all built classes">
        <delete includeemptydirs="true" failonerror="false">
            <fileset dir="${build.output}">
                <include name="**/**" />
            </fileset>
        </delete>
    </target>

    <!-- ================================= 
          target: clean-package
         ================================= -->
    <target name="clean-package" description="Delete all built component jars">
        <delete includeemptydirs="true" failonerror="false">
            <fileset dir="${components.output}">
                <include name="**/**" />
            </fileset>
        </delete>
    </target>

    <!-- ================================= 
          target: package
         ================================= -->
    <target name="package" depends="compile" description="Create component jars">
        <mkdir dir="${components.output}" />

        <!-- Create archive jar -->
        <jar destfile="${components.output}/archive.jar" manifest="archive/META-INF/MANIFEST.MF">
            <fileset dir="${build.output}" 
                includesfile="${components.patternsets}/archive.txt" 
                excludesfile="${components.patternsets}/kernel.txt" />
        </jar>

        <!-- Create (non-functional) kernel jar (to compile against) -->
        <jar destfile="${components.output}/kernel-stubs.jar" manifest="kernel/META-INF/MANIFEST.MF">
            <fileset dir="${build.output}" 
                includesfile="${components.patternsets}/kernel.txt" />
        </jar>

        <!-- Create luni jar -->
        <jar destfile="${components.output}/luni.jar" manifest="luni/META-INF/MANIFEST.MF">
            <fileset dir="${build.output}" 
                includesfile="${components.patternsets}/luni.txt" 
                excludesfile="${components.patternsets}/kernel.txt" />
        </jar>

        <!-- Create nio jar -->
        <jar destfile="${components.output}/nio.jar" manifest="nio/META-INF/MANIFEST.MF">
            <fileset dir="${build.output}" 
                includesfile="${components.patternsets}/nio.txt" 
                excludesfile="${components.patternsets}/kernel.txt" />
        </jar>

        <!-- Create nio_char jar -->
        <jar destfile="${components.output}/nio_char.jar" manifest="nio_char/META-INF/MANIFEST.MF">
            <fileset dir="${build.output}" 
                includesfile="${components.patternsets}/nio_char.txt" 
                excludesfile="${components.patternsets}/kernel.txt" />
        </jar>

        <!-- Create security jar -->
        <jar destfile="${components.output}/security.jar" manifest="security/META-INF/MANIFEST.MF">
            <fileset dir="${build.output}" 
                includesfile="${components.patternsets}/security.txt" 
                excludesfile="${components.patternsets}/kernel.txt" />
        </jar>

        <!-- Create text jar -->
        <jar destfile="${components.output}/text.jar" manifest="text/META-INF/MANIFEST.MF">
            <fileset dir="${build.output}" 
                includesfile="${components.patternsets}/text.txt" 
                excludesfile="${components.patternsets}/kernel.txt" />
        </jar>

        <!-- Create math jar -->
        <jar destfile="${components.output}/math.jar" manifest="math/META-INF/MANIFEST.MF">
            <fileset dir="${build.output}" 
                includesfile="${components.patternsets}/math.txt" 
                excludesfile="${components.patternsets}/kernel.txt" />
        </jar>

        <!-- Create regex jar -->
        <jar destfile="${components.output}/regex.jar" manifest="regex/META-INF/MANIFEST.MF">
            <fileset dir="${build.output}" 
                includesfile="${components.patternsets}/regex.txt" 
                excludesfile="${components.patternsets}/kernel.txt" />
        </jar>
    </target>


    <!-- ================================= 
          target: compile              
         ================================= -->
    <target name="compile" depends="copy-resources" description="Compile the source">
        <mkdir dir="${build.output}" />

        <javac destdir="${build.output}" source="1.4" target="1.4" debug="on">
            <src path="kernel/src/main/java" />
            <src path="regex/src/main/java" />
            <src path="math/src/main/java" />
            <src path="archive/src/main/java" />
            <src path="luni/src/main/java" />
            <src path="nio/src/main/java" />
            <src path="nio_char/src/main/java" />
            <src path="security/src/main/java" />
            <src path="text/src/main/java" />
            <classpath location="${build.output}" />
            <classpath>
                <fileset dir="${depends.jars}">
                    <include name="*.jar" />
                </fileset>
            </classpath>
        </javac>
    </target>


    <!-- ================================= 
          target: copy-resources              
         ================================= -->
    <target name="copy-resources" description="Copy non-Java files under src tree to the build output">
        <mkdir dir="${build.output}" />

        <copy todir="${build.output}" includeemptydirs="false">
            <fileset dir="archive/src/main/java">
                <exclude name="**/*.java" />
            </fileset>
            <fileset dir="luni/src/main/java">
                <exclude name="**/*.java" />
            </fileset>
            <fileset dir="nio/src/main/java">
                <exclude name="**/*.java" />
            </fileset>
            <fileset dir="nio_char/src/main/java">
                <exclude name="**/*.java" />
            </fileset>
            <fileset dir="security/src/main/java">
                <exclude name="**/*.java" />
            </fileset>
            <fileset dir="text/src/main/java">
                <exclude name="**/*.java" />
            </fileset>
        </copy>
    </target>


    <!-- ================================= 
          target: layout              
         ================================= -->
    <target name="layout" 
        depends="package" 
        description="Construct the correct directory structure for the class libs">
        <!-- Create the structure -->
        <mkdir dir="${target.output}/jre/bin" />
        <mkdir dir="${target.output}/jre/lib/boot" />
        <mkdir dir="${target.output}/jre/lib/ext" />
        <mkdir dir="${target.output}/jre/lib/security" />

        <!-- Copy across the dependency jars -->
        <copy todir="${target.output}/jre/lib/boot" overwrite="yes">
            <fileset dir="${depends.jars}">
                <patternset includes="*.jar" />
            </fileset>
        </copy>

        <!-- Copy across the component jars -->
        <copy todir="${target.output}/jre/lib/boot" overwrite="yes">
            <fileset dir="${components.output}">
                <patternset includes="*.jar" />
            </fileset>
        </copy>

        <!-- Copy across the support files -->
        <copy todir="${target.output}/jre/lib/boot" overwrite="yes">
            <fileset dir="${depends.files}">
                <include name="bootclasspath.properties" />
            </fileset>
        </copy>
        <fixcrlf srcdir="${target.output}/jre/lib/boot"
            includes="bootclasspath.properties" />

        <!-- NLS catalog files -->
        <copy todir="${target.output}/jre/bin" overwrite="yes">
            <fileset dir="${depends.files}">
                <include name="harmony*.properties" />
            </fileset>
        </copy>

        <copy todir="${target.output}/jre/lib/security" overwrite="yes">
            <fileset dir="${depends.files}">
                <include name="java.policy" />
                <include name="java.security" />
            </fileset>
        </copy>
    </target>


    <!-- ================================= 
          target: clean-layout              
         ================================= -->
    <target name="clean-layout">
        <delete includeemptydirs="true" failonerror="false">
            <fileset dir="${target.output}">
                <include name="**/jre/bin/harmony*.properties" />
                <include name="**/lib/*.properties" />
                <include name="**/lib/boot/*" />
                <include name="**/lib/security/*" />
                <exclude name="**/lib/ext/*" />
            </fileset>
        </delete>
    </target>
	
	
    <!-- ================================= 
          target: compile-tests              
         ================================= -->
    <target name="compile-tests" depends="copy-test-resources, get-test-support-jars"
    	description="Compile the unit test source">
    	<mkdir dir="${tests.build.output}" />
        <javac destdir="${tests.build.output}" source="1.4" target="1.4" debug="on">
        	<src path="${harmony.tests.dir}/src/test/java" />
            <src path="archive/src/test/java" />
            <src path="luni/src/test/java" />
            <src path="nio_char/src/test/java" />
            <src path="text/src/test/java" />
        	<classpath refid="xerces.id" />
        	<classpath refid="xalan.id" />
        	<classpath location="${junit.jar}" />
        	<classpath location="${tests.build.output}" />
            <classpath>
                <fileset dir="${tests.depends.jars}">
                    <include name="*.jar" />
                </fileset>
            </classpath>
        </javac>
    	
    </target>
	
    <!-- ================================= 
          target: copy-test-resources              
         ================================= -->
    <target name="copy-test-resources" description="Copy non-Java files under unit test trees to the bin output">
        <mkdir dir="${tests.build.output}" />

        <copy todir="${tests.build.output}" includeemptydirs="false">
            <fileset dir="${harmony.tests.dir}/src/test/java">
                <exclude name="**/*.java" />
            </fileset>
        	<fileset dir="archive/src/test/java">
                <exclude name="**/*.java" />
            </fileset>
            <fileset dir="luni/src/test/java">
                <exclude name="**/*.java" />
            </fileset>
            <fileset dir="nio_char/src/test/java">
                <exclude name="**/*.java" />
            </fileset>
            <fileset dir="text/src/test/java">
                <exclude name="**/*.java" />
            </fileset>
        </copy>
    </target>

    <!-- ================================= 
          target: clean-test-bin              
         ================================= -->
    <target name="clean-test-bin" description="Delete all built unit test classes">
        <delete includeemptydirs="true" failonerror="false">
            <fileset dir="${tests.build.output}">
                <include name="**/**" />
            </fileset>
        </delete>
    </target>

	
    <!-- ================================= 
          target: run-tests
         ================================= -->
    <target name="run-tests" description="Run JUnit tests">
    	<!-- The location of the Harmony launcher can be overridden by 
    	     the "harmony.vm.exe" property. Default value of property
    	     is set assuming it is under the deploy tree -->
    	<property name="harmony.vm.exe" location="${target.output}/jre/bin/java"/>
    	
        <!-- Delete "junitCompleted" - an empty file that can be used to
             check that the junit test VM does not exit prematurely -->
        <delete file="${user.home}/junitCompleted" failonerror="false" />

        <path id="classpath.id" location="${tests.build.output}" />
    	
    	<java classname="tests.main.AllTests"
    		fork="true"
    		jvm="${harmony.vm.exe}">
    		
            <jvmarg value="-showversion" />

            <!-- Required by various tests that set security manager etc -->
            <jvmarg value="-Djava.security.policy=${harmony.tests.dir}/src/test/resources/config/testing.policy" />

            <!-- Required for running the java.net unit tests -->
            <jvmarg value="-Dtest.ini.file=${harmony.tests.dir}/src/test/resources/config/localhosttest.ini" />

            <!-- Required if using the test excluder decorator -->
            <jvmarg value="-Dexcludes.file.uri=file:///${harmony.tests.dir}/src/test/resources/config/jcltest-excludes.xml" />
        	
            <classpath>
                <path refid="classpath.id" />
            	<path refid="xerces.id" />
            	<path refid="xalan.id" />
                <pathelement location="${junit.jar}" />
            </classpath>
   		</java>
    </target>

	
    <!-- ================================= 
          target: run-tests-with-junit-task
         ================================= -->
    <target name="run-tests-with-junit-task" description="Run JUnit tests">
    	<!-- The location of the Harmony launcher can be overridden by 
    	     the "harmony.vm.exe" property. Default value of property
    	     is set assuming it is under the deploy tree -->
    	<property name="harmony.vm.exe" location="${target.output}/jre/bin/java"/>

        <!-- Delete "junitCompleted" - an empty file that can be used to
             check that the junit test VM does not exit prematurely -->
        <delete file="${user.home}/junitCompleted" failonerror="false" />

        <path id="classpath.id" location="${tests.build.output}" />
    	
        <junit fork="true"
               forkmode="once"
               jvm="${harmony.vm.exe}"
               errorproperty="tests.failed"
               failureproperty="tests.failed">
            <env key="JAVA_HOME" value="${target.output}/jre" />
            <env key="LD_LIBRARY_PATH" value="" />
            <!-- required to be unset on Linux -->
            
            <jvmarg value="-showversion" />

            <!-- Required by various tests that set security manager etc -->
            <jvmarg value="-Djava.security.policy=${harmony.tests.dir}/src/test/resources/config/testing.policy" />

            <!-- Required for running the java.net unit tests -->
            <jvmarg value="-Dtest.ini.file=${harmony.tests.dir}/src/test/resources/config/localhosttest.ini" />

            <!-- Required if using the test excluder decorator -->
            <jvmarg value="-Dexcludes.file.uri=file:///${harmony.tests.dir}/src/test/resources/config/jcltest-excludes.xml" />
        	
            <classpath>
                <path refid="classpath.id" />
            	<path refid="xerces.id" />
            	<path refid="xalan.id" />
                <pathelement location="${junit.jar}" />
            </classpath>
        	
            <formatter type="plain" usefile="false" />
            <formatter type="xml" />
        	
        	<test todir="${tests.results.dir}" name="tests.main.AllTests" />
        </junit>

        <fail if="tests.failed" message="Some Tests Failed !" />

        <!-- if the junit test process completed as expected, this file
             should now exist -->
        <fail message="JUnit task ended prematurely - Hint: This may have been caused by the test VM terminating unexpectedly during the test run">
            <condition>
                <not>
                    <available file="${user.home}/junitCompleted" />
                </not>
            </condition>
        </fail>
        <!-- Clean up after ourselves -->
        <delete file="${user.home}/junitCompleted" />
    </target>
	
	
	
    <!-- ================================= 
          target: get-test-support-jars
         ================================= -->
    <target name="get-test-support-jars"
    	description="Download jars required to compile and run unit tests">
    	<!-- JUnit 3.8.1 support -->
    	<mkdir dir="${harmony.tests.dir}/src/test/resources/libs/junit_3.8.1"/>
    	<get src="http://www.ibiblio.org/maven/junit/jars/junit-3.8.1.jar"
    		dest="${junit.jar}" usetimestamp="true" verbose="true" />
    	
    	<!-- Xalan 2.6.0 support -->
    	<mkdir dir="${harmony.tests.dir}/src/test/resources/libs/xalan-j_2.6.0"/>
    	<get src="http://www.ibiblio.org/maven/xalan/jars/xalan-2.6.0.jar"
    		dest="${xalan.jar}" usetimestamp="true" verbose="true" />
    	
    	<!-- Xerces 2.6.2 support -->
    	<mkdir dir="${harmony.tests.dir}/src/test/resources/libs/xerces_2.6.2" />
    	<get src="http://www.ibiblio.org/maven/xml-resolver/jars/xml-resolver-1.1.jar"
    		dest="${xerces.resolver.jar}" usetimestamp="true" verbose="true" />
    	<get src="http://www.ibiblio.org/pub/packages/maven2/xerces/xercesImpl/2.6.2/xercesImpl-2.6.2.jar"
    		dest="${xerces.impl.jar}" usetimestamp="true" verbose="true" />
    	<get src="http://www.ibiblio.org/maven/xml-apis/jars/xml-apis-1.0.b2.jar"
    		dest="${xml.apis.jar}" usetimestamp="true" verbose="true" />
    </target>
	
</project>
